age,chapter_owner,display_name,mod_or_cluster,branch_type,target_quest_count,current_live_quest_count,current_coverage_level,status,inbound_links,outbound_links,notes
Annexes,annex_minecolonies_prologue,Minecolonies Prologue,Minecolonies + Minecolonies Questline,support,24,0,none,in_progress,annexes_index_and_signposting; annex_minecolonies_bridge,,
Annexes,annex_minecolonies_supply_chain,Minecolonies Supply Chain,Minecolonies + Create + Industrial Foregoing,support,34,0,none,in_progress,annex_minecolonies_prologue; industrial_factory_logistics,,
Annexes,annex_retrospective_and_redirects,Retrospective and Redirects,FTB Quests,support,36,0,none,in_progress,annex_side_systems_and_optional_tracks,,
Annexes,annex_side_systems_and_optional_tracks,Side Systems and Optional Tracks,Minecolonies + When Dungeons Arise + Artifacts + Relics,support,36,0,none,in_progress,annex_minecolonies_supply_chain; annex_structure_route_planner,,
Annexes,annex_structure_route_planner,Structure Route Planner,When Dungeons Arise + Waystones + Nature's Compass + Explorer's Compass,support,30,0,none,in_progress,annex_wda_expedition_guide; stone_travel_and_controlled_combat,,
Annexes,annex_wda_expedition_guide,WDA Expedition Guide,When Dungeons Arise + Waystones + Clavis,support,28,0,none,in_progress,annexes_index_and_signposting; annex_wda_bridge,,
Annexes,annexes_index_and_signposting,Annexes Index and Signposting,FTB Quests,support,12,3,partial,in_progress,,,
Ascension,ascension_entry_and_scale_shift,Entry and Scale Shift,Minecraft + fdbosses,spine,18,0,none,in_progress,ascension_threshold,,Ascension opener and tone reset. Should frame prestige-scale fabrication and final convergence rather than staying a hidden placeholder forever.
Ascension,ascension_prestige_crafting,Prestige Crafting,Extended Crafting + Modular Machinery Reborn + Modular Machinery Reborn Mekanism,spine,58,0,none,in_progress,ascension_entry_and_scale_shift,,Main fabrication backbone for Ascension. This is where final multi-system recipes should consolidate.
Renaissance,annex_wda_bridge,WDA Bridge,When Dungeons Arise + Waystones + Clavis,support,12,0,none,in_progress,expedition_treasure_routes_and_clavis_ii,,
Renaissance,diamonds_and_branch_unlocks,Diamonds and Branch Unlocks,Minecraft,spine,24,6,partial,in_progress,diamond_threshold,,
Renaissance,ren_aether_literacy,Aether and Deep Aether Literacy,Aether + Deep Aether,spine,36,36,meaningful,in_progress,ren_magic_foundations; ren_nether_threshold,ren_end_threshold,"Live bounded route: Aether entry, native materials, Slider, Deep Aether Eye of the Storm, and `endrem:evil_eye`; Sun Spirit is optional trophy depth and Valkyrie Queen is reserved for IR."
Renaissance,ren_realm_literacy_aether_support,Aether Realm Literacy Support,Aether + Deep Aether + Waystones + Sophisticated Backpacks,support,16,14,meaningful,in_progress,diamonds_and_branch_unlocks,,Aether first-contact utility supports the required dungeon-boss lane; legacy Twilight references removed from this row.
Renaissance,expedition_nether_entry_and_route_survival,Nether Entry and Route Survival,Minecraft + YUNG's Better Nether Fortresses,side,14,5,meaningful,in_progress,diamonds_and_branch_unlocks,expedition_betternether_materials_and_adaptation; expedition_fortresses_and_hellish_trials; blaze_breakthrough,"Live Nether opener for portal entry, piglin-safe footing, glowstone return stock, magma-cream fire planning, and strider travel so the Nether feels like a route problem instead of a one-stop blaze errand."
Renaissance,expedition_betternether_materials_and_adaptation,BetterNether Materials and Adaptation,BetterNether,side,18,8,meaningful,in_progress,expedition_nether_entry_and_route_survival,blaze_breakthrough,"Live BetterNether branch now covers reed support, Cincinnasite shards and ingots, forged stock, the Cincinnasite Forge, Nether Ruby material, and one real local weapon payoff."
Renaissance,expedition_fortresses_and_hellish_trials,Fortresses and Hellish Trials,Hellish Trials + YUNG's Better Nether Fortresses + EternalNether,side,12,6,meaningful,in_progress,expedition_nether_entry_and_route_survival,blaze_breakthrough; expedition_bomd_nether_gauntlet,"Live Nether combat branch now chains fortress wart routing into Nether Trial proof, then EternalNether warped-ender-pearl and withered-bone combat proof, then Catacomb contact before the BOMD Gauntlet capstone. Removed Luminous Nether is not live authority."
Renaissance,expedition_luminous_nether_climax,Removed Luminous Nether Hunts Tombstone,REMOVED: Luminous Nether,side,16,0,none,stale_removed_mod,,,"Stale tombstone only. No Luminous Nether or Luminous:Tag jar is installed; do not author luminous_nether progression, bosses, structures, loot, or optional depth. Use installed Nether/EternalNether/Hellish Trials plus BOMD Nether Gauntlet instead."
Renaissance,expedition_bomd_nether_gauntlet,Nether Gauntlet Conquest,Bosses of Mass Destruction + Minecraft + EternalNether,gate,14,3,meaningful,in_progress,expedition_fortresses_and_hellish_trials; blaze_breakthrough,industrial_nether_logistics_and_ore_escalation,"Live final Nether capstone chapter. Finding Gauntlet Blackstone proves you found the BOMD arena, Nether Gauntlet defeat is the real Expedition -> Automation gate, and Blazing Eye is the immediate return-home payoff. Removed Luminous Nether is not part of the live route."
Renaissance,expedition_nautec_underwater_first_contact,Nautec Underwater First Contact,NauTec + Waystones + Sophisticated Backpacks,side,20,13,meaningful,in_progress,ren_realm_literacy_aether_support,,"Live bounded underwater Expedition branch: salt water, underwater salvage parts, cast iron, diving gear, air bottles, Aquatic Catalyst, repaired chips, and Prism Monocle utility without widening into full laser chemistry or augmentation."
Renaissance,expedition_apotheosis_and_enchanting,Apotheosis and Enchanting,Apotheosis + Apothic Enchanting + Apothic Attributes,spine,40,0,none,in_progress,diamonds_and_branch_unlocks,,
Renaissance,ren_realm_boss_hunts,Realm Boss Hunts,Aether + Deep Aether + The Undergarden + Minecraft,boss,19,0,none,in_progress,ren_realm_literacy_aether_lane; expedition_undergarden_and_deeper_frontiers,,Aether/Deep Aether are required spine proofs; other realm and dark-frontier bosses follow the current boss contract.
Renaissance,expedition_enchanting_and_apotheosis_entry,Enchanting and Apotheosis Entry,Minecraft + Apotheosis,support,16,5,partial,in_progress,diamonds_and_branch_unlocks,,
Renaissance,expedition_enchanting_and_apotheosis_followup,Enchanting and Apotheosis Follow-Up,Minecraft + Apotheosis,support,16,6,partial,in_progress,expedition_enchanting_and_apotheosis_entry,,Now includes Salvaging Table as the first honest Apotheosis utility payoff after gem cutting.
Renaissance,expedition_ae2_entry,AE2 Starter Network,Applied Energistics 2 + Sophisticated Storage,spine,16,10,meaningful,in_progress,expedition_storage_uplift,blaze_breakthrough; industrial_nether_logistics_and_ore_escalation,"Required Expedition digital-storage baseline with first terminal, drive, cells, bus integration, power input, and controller support."
Renaissance,expedition_refined_storage_entry,Refined Storage Optional,Refined Storage + RSRequestify,support,16,7,partial,in_progress,expedition_storage_uplift,,Optional alternate storage lane; no gate ownership.
Renaissance,expedition_storage_uplift,Storage Uplift,Applied Energistics 2 + Sophisticated Storage,spine,38,7,partial,in_progress,diamonds_and_branch_unlocks,expedition_ae2_entry; expedition_refined_storage_entry,Now includes Storage Controller and Storage Link so the chest-upgrade path feeds later network use instead of stopping at bigger boxes.
Renaissance,expedition_treasure_routes_and_clavis_ii,Treasure Routes and Clavis II,Clavis + Lootr + Waystones,side,20,0,none,in_progress,stone_treasure_and_lock_tiers; stone_travel_and_controlled_combat,,
Renaissance,expedition_twilight_forest,Twilight Forest,Twilight Forest,side,28,0,none,in_progress,mechanical_age_boss_hunts; expedition_storage_uplift,,Keep deferred until tech payoff is defined.
Renaissance,expedition_undergarden_and_deeper_frontiers,Undergarden First Contact,The Undergarden,side,24,9,partial,in_progress,ren_realm_literacy_aether_support,,"Live bounded dark-frontier branch now goes one step past first contact with goo-ball and lead utility, while still stopping short of infuser progression, deeper frontiers, and boss asks."
Renaissance,expedition_workshop_and_industrial_prep,Workshop and Industrial Prep,Minecraft + Create + Immersive Engineering,spine,20,12,meaningful,in_progress,diamonds_and_branch_unlocks; mechanical_create_foundations; mechanical_engineers_handwork,expedition_ae2_entry; blaze_breakthrough; industrial_nether_logistics_and_ore_escalation,"Live Nether return loop chapter. Feeds AE2 growth, Create workshop maturity, IE material prep, and the first Automation on-ramp, now as one lane inside a broader Nether progression family."
Gilded Age,power_beyond_wires,Power Beyond Wires,Astral Dimension + Gilded proof matrix,gate,44,44,meaningful,in_progress,industrial_modern_industrialization; industrial_industrial_foregoing; industrial_petroleum_and_extraction; industrial_create_process_infrastructure; industrial_hostile_neural_networks; industrial_boss_hunts,nuclear_entry_and_containment_protocols,"Live Gilded -> Atomic gate. Atomic Disassembler grants `atomic` after the five Gilded lane proofs, Chartered Arcana authorization, and Void Titan/Titan Helmet proof."
Industrial Revolution,industrial_factory_logistics,Factory Logistics,Create + Sophisticated Storage + More Red,support,44,14,partial,in_progress,industrial_oritech,industrial_power_grids,"Bounded support lane for routing, buffering, flow control, and machine-line organization around the first Oritech factory lines."
Gilded Age,industrial_create_process_infrastructure,Create Process Infrastructure,Create + Create Additions + Create New Age + Create Metalwork + Create Oritech Compat + Assembly Line,support,38,17,meaningful,in_progress,industrial_power_grids; industrial_modern_industrialization,industrial_petroleum_and_extraction; industrial_pneumaticcraft; power_beyond_wires,"Live dense Create-side Industrial support arc now covers mechanical crafting, fluid tanks and pumps, spouts, energising, heat pipes, powered heaters, molten brass handling, rolling mills, and the first electric motor/alternator line. In the redesign this stays the physical factory-infrastructure bush, not the owner of hazardous Nuclear systems."
Gilded Age,industrial_petroleum_and_extraction,Petroleum and Extraction,TFMG + Create Ore Excavation + Railways + Create,support,34,15,meaningful,in_progress,industrial_modern_industrialization; industrial_create_process_infrastructure,industrial_pneumaticcraft; power_beyond_wires,"Live petroleum and anchored-extraction support arc now covers surveying, pumpjack structure, distillation parts, firebox heat, anchored drilling/extraction, and the first rail-fuel handoff. It remains the shared oil backbone that later Nuclear and pressure systems should consume rather than duplicate."
Gilded Age,industrial_hostile_neural_networks,Hostile Neural Networks,Hostile Neural Networks + Hostile Neural Industrialization + Industrial Foregoing,support,24,7,partial,in_progress,industrial_industrial_foregoing,space_late_game_agriculture_and_synthesis,"Live starter HNN arc now covers model setup, prediction matrices, the first simulation chamber, and real overworld/nether prediction output. Loot fabrication stays deferred until the later Space synthesis age."
Gilded Age,industrial_industrial_foregoing,Industrial Foregoing,Industrial Foregoing + Industrial Foregoing Souls,support,38,13,meaningful,in_progress,industrial_modern_industrialization,industrial_hostile_neural_networks; power_beyond_wires,Live starter IF support arc now covers latex -> dry rubber -> plastic -> dissolution chamber -> simple frames -> plant machines -> biofuel support. In the redesign it remains one of Industrial's main applied-automation branches.
Gilded Age,industrial_integrated_dynamics,Integrated Dynamics,Integrated Dynamics + Integrated Tunnels + Integrated Crafting + Integrated Terminals,support,28,17,meaningful,in_progress,expedition_ae2_entry; industrial_factory_logistics; industrial_power_grids; industrial_modern_industrialization; industrial_pneumaticcraft,industrial_boss_hunts; nuclear_chemical_storage_and_digital_bridges,"Live Industrial control-and-policy branch. It now teaches Menril processing, variables, readers/writers, smart item/fluid/energy transfer, bounded crafting policy, and portable terminals so the campus becomes programmable without pretending to replace AE2."
Gilded Age,industrial_modern_industrialization,Modern Industrialization,Modern Industrialization + Extended Industrialization + Modern Dynamics + MI Sound Addon,spine,52,16,meaningful,in_progress,industrial_power_grids,power_beyond_wires; industrial_create_process_infrastructure; industrial_petroleum_and_extraction; industrial_industrial_foregoing; industrial_pneumaticcraft,Live Industrial starter arc now covers forge hammer -> bronze -> steam machines -> Modern Dynamics support -> first steel. The redesign promotes MI to one of the core factory-campus pillars of Industrial.
Industrial Revolution,industrial_nether_logistics_and_ore_escalation,Nether Logistics and Ore Escalation,Minecraft + AllTheOres + Create + Immersive Engineering,spine,28,14,meaningful,in_progress,expedition_bomd_nether_gauntlet; expedition_workshop_and_industrial_prep,industrial_oritech; industrial_factory_logistics; industrial_power_grids,"First real automation-transition chapter. Adds ore escalation, batching stock, Create + IE logistics identity, and a clean handoff into the first Oritech backbone after Nether Gauntlet conquest is complete."
Industrial Revolution,industrial_oritech,Oritech,Oritech + Oritech Things,spine,32,23,meaningful,in_progress,industrial_nether_logistics_and_ore_escalation,industrial_factory_logistics; industrial_power_grids; industrial_oritech_escalation,"Live Automation backbone for first powered processing, starter machine chaining, and repeatable throughput."
Gilded Age,industrial_oritech_escalation,Oritech Escalation,Oritech + Oritech Things,spine,24,0,none,in_progress,industrial_power_grids,,Late Oritech scale-up and payoff branch after the Automation starter chapter. This is the dense machine-campus follow-through before Nuclear rehomes hazardous escalation.
Gilded Age,industrial_pneumaticcraft,PneumaticCraft,PneumaticCraft + Applied Pneumatics,support,30,15,meaningful,in_progress,industrial_power_grids; industrial_modern_industrialization; industrial_create_process_infrastructure; industrial_petroleum_and_extraction; industrial_industrial_foregoing,industrial_boss_hunts,"Live Industrial pressure-specialization branch. It now uses explosion-forged compressed iron as the truthful opener, teaches safe pressure control before scale, consumes the shared crude-oil backbone through refinery -> LPG -> plastic, builds a real pressure chamber, and ends with one bounded Applied Pneumatics crossover instead of opening a rival oil tree."
Atomic Age,nuclear_entry_and_containment_protocols,Containment Protocols,Minecraft + Mekanism + Nuclear Science,spine,24,8,meaningful,in_progress,power_beyond_wires,nuclear_mekanism_processing_and_chemicals; nuclear_defense_systems_and_strategic_force,"Live Atomic opener. It now sits correctly behind `atomic` and uses hazmat gear, shielding, scrubbers, waste barrels, chemical buffering, and the first Nuclear Science extractor/centrifuge line to establish containment-first play before reactors."
Atomic Age,nuclear_mekanism_processing_and_chemicals,Mekanism Processing and Chemicals,Mekanism + Mekanism Additions + Mekanism Tools + mekmm + mekanism_tfmg_compat,spine,56,10,meaningful,in_progress,nuclear_entry_and_containment_protocols,nuclear_reactors_isotopes_and_hazardous_power; nuclear_chemical_storage_and_digital_bridges,"Live Nuclear main pillar now covers the first honest hazardous Mekanism line: foundational machines, purification, electrolytic separation, gas buffering, oxidizing, infusing, dissolution, washing, crystallization, and reaction control."
Atomic Age,nuclear_reactors_isotopes_and_hazardous_power,"Reactors, Isotopes, and Hazardous Power",Mekanism Generators + Nuclear Science + Extreme Reactors + Create New Age,spine,48,10,meaningful,in_progress,nuclear_mekanism_processing_and_chemicals,nuclear_defense_systems_and_strategic_force; nuclear_boss_hunts,"Live Nuclear reactor-campus pillar now covers fission shell stock, reactor logic, waste handling, Nuclear Science core/boiler support, Extreme Reactors frame/control, and the first turbine-campus proof."
Atomic Age,nuclear_strategic_power_and_hardened_grids,Strategic Power and Hardened Grids,Electrodynamics + Dynamic Electricity + Generator Galore + Create New Age + Nuclear Science,support,32,9,meaningful,in_progress,power_beyond_wires; nuclear_entry_and_containment_protocols; nuclear_reactors_isotopes_and_hazardous_power,nuclear_defense_systems_and_strategic_force; nuclear_boss_hunts; space_launch_threshold,"Live hardened-grid spine for Nuclear. It now teaches ceramic insulation, advanced transformers, monitored substations, reserve battery yards, backup generation, alternator/commutator transfer, reactor-service gas support, laser-power backing, and quantum-capacitor campus relays before the age escalates into strategic force and catastrophic hunts."
Atomic Age,nuclear_defense_systems_and_strategic_force,Defense Systems and Strategic Force,Ballistix + Mekanism Turrets + Mekanism Lasers + Modular Force Fields + Evolved Mekanism,spine,34,9,meaningful,in_progress,nuclear_entry_and_containment_protocols; nuclear_reactors_isotopes_and_hazardous_power; nuclear_strategic_power_and_hardened_grids,nuclear_boss_hunts,"Live Nuclear combat/defense pillar. It now sits downstream of the hardened-grid spine so radar, turrets, laser hardware, missile platforms, force-field geometry, and dense-energy backing all read like a real war-facility branch instead of detached weapons."
Atomic Age,nuclear_chemical_storage_and_digital_bridges,Chemical Storage and Digital Bridges,Applied Mekanistics + RS Mekanism Integration + Mekanism Covers + AE2 + Refined Storage,support,26,8,meaningful,in_progress,nuclear_mekanism_processing_and_chemicals; expedition_ae2_entry,nuclear_boss_hunts; space_advanced_storage_and_digital_networks,"Live Nuclear logistics bridge. It now teaches chemical cell housing, AE2 chemical storage, covered hazardous routing, entangloporter handoff, and a bounded RS chemical sidebridge before Space-scale network growth."
Atomic Age,nuclear_boss_hunts,Nuclear Boss Hunts,Alex's Caves + Cataclysm,boss,24,4,meaningful,in_progress,nuclear_strategic_power_and_hardened_grids; nuclear_defense_systems_and_strategic_force; nuclear_reactors_isotopes_and_hazardous_power; nuclear_chemical_storage_and_digital_bridges,space_launch_threshold,"Live Nuclear boss spine. A prepared strike kit now launches from a hardened facility baseline, so Nucleeper, Magnetron, and Netherite Monstrosity read as catastrophic validators of a complete war-campus instead of detached reactor side content."
Atomic Age,space_launch_threshold,Space Launch Threshold,Minecraft + Cataclysm + Alex's Caves,gate,16,0,none,in_progress,nuclear_reactors_isotopes_and_hazardous_power; nuclear_strategic_power_and_hardened_grids; nuclear_defense_systems_and_strategic_force; nuclear_chemical_storage_and_digital_bridges; nuclear_boss_hunts,,New Atomic main-boss gate. This remains the future launch-authority surface and should consume the full live Nuclear facility stack regardless of the eventual off-world owner.
Industrial Revolution,industrial_power_grids,Power Grids,Create New Age + Electrodynamics + Extreme Reactors + Generator Galore,support,40,12,partial,in_progress,industrial_factory_logistics,industrial_oritech_escalation; industrial_modern_industrialization; industrial_industrial_foregoing; industrial_pneumaticcraft,"Live support lane for first stable generation, storage buffering, and distribution across Automation-age Oritech and AE2-connected factory infrastructure."
Medieval,annex_minecolonies_bridge,Minecolonies Bridge,Minecolonies + Minecolonies Questline,support,25,0,none,in_progress,mechanical_workshop_logistics_and_storage,,
Medieval,diamond_threshold,Expedition Threshold,Minecraft,gate,20,1,full/core,in_progress,mechanical_rotational_power_and_first_logistics; mechanical_food_and_farm_handling; mechanical_engineers_handwork; mechanical_workshop_logistics_and_storage,,"Gate now checks real Mechanical capstones plus a stocked workshop, then unlocks Renaissance without leaking raw diamonds early."
Medieval,mechanical_age_boss_hunts,Legacy Medieval Boss Hunts,Bosses of Mass Destruction,boss,25,8,meaningful,in_progress,mechanical_dungeon_readiness; diamond_threshold,,Aether was moved to Renaissance required realm spine; this legacy row no longer owns Aether optionalization or Twilight routing.
Medieval,mechanical_create_food_relief,Create Food Relief,Create + Create Integrated Farming + Slice and Dice + Farmer's Delight + Cooking for Blockheads + Aquaculture + Ocean's Delight,support,38,12,meaningful,in_progress,mechanical_food_and_farm_handling; stone_food_and_farming_pressures,,"Live kitchen utility arc now includes the honest knife -> straw -> safety net/canvas support path before fishing nets, roosts, and kitchen storage."
Medieval,mechanical_create_foundations,Create Foundations,Create,spine,56,7,partial,in_progress,mechanical_ironwork_and_workstations,,
Medieval,mechanical_dungeon_readiness,Mechanical Dungeon Readiness,Apotheosis + Artifacts + Relics,side,36,10,meaningful,in_progress,mechanical_workshop_logistics_and_storage,,"Live readiness branch now ties shield+armor+rations to Apotheosis affix contact, first Artifact proof, Relics worktable contact, and return-safe pearl fallback before boss validation."
Medieval,mechanical_early_utility_machines,Early Utility Machines,Create Additions + Botany Pots + Generator Galore,support,36,11,meaningful,in_progress,mechanical_create_foundations,,"Live bounded utility branch now covers Create Additions connectors/capacitors/rolling mill, Generator Galore starter generation, and Botany Pots hopper automation without widening into industrial grids."
Medieval,mechanical_engineers_handwork,Engineer's Handwork,Immersive Engineering + Create,support,36,13,partial,in_progress,mechanical_ironwork_and_workstations,expedition_workshop_and_industrial_prep,"Live starter IE support chapter. Tracks the real Coke Oven, treated wood, wiring, connector, and workbench path without questing fake formed-machine items."
Medieval,mechanical_food_and_farm_handling,Mechanical Farming and Food Handling,Create + Farmer's Delight + Multiblock Farming,support,32,18,meaningful,in_progress,mechanical_rotational_power_and_first_logistics,mechanical_create_food_relief,"Now includes Aquaculture and Ocean's Delight follow-through (worm farm, iron rod, fillet path, and ocean salad/rations) as practical food-route support."
Medieval,mechanical_ironwork_and_workstations,Ironwork and Workstations,Minecraft + Iron Furnaces + Cooking for Blockheads + Immersive Engineering,spine,40,15,meaningful,in_progress,entering_the_iron_era,mechanical_create_foundations; mechanical_engineers_handwork,"Now deepened with hand-crank/wrench setup plus first fluid routing (pipes, tank, pump) and item-vault logistics support around the existing iron+IE backbone."
Medieval,mechanical_rotational_power_and_first_logistics,Rotational Power and First Logistics,Create,support,22,7,partial,in_progress,mechanical_create_foundations,,
Medieval,mechanical_workshop_logistics_and_storage,Workshop Logistics and Storage,Sophisticated Storage + Sophisticated Backpacks + Iron Chests + Minecraft,support,38,12,meaningful,in_progress,mechanical_ironwork_and_workstations,,Now extended with backpack restock/magnet upgrades plus storage I/O surfaces for cleaner workshop routing before digital storage.
Otherworldly,space_launch_infrastructure_and_stellaris,Launch Infrastructure and Stellaris,Stellaris,spine,34,0,none,in_progress,space_launch_threshold,,"New Space mainline. Rehomes Otherworldly around rockets, oxygen, stations, and actual off-world travel instead of generic late tech."
Otherworldly,space_orbital_life_support_and_logistics,Orbital Life Support and Logistics,Stellaris,support,24,0,none,in_progress,space_launch_infrastructure_and_stellaris,,"New Space support branch for oxygen discipline, orbital resupply, and remote-site operation."
Otherworldly,space_advanced_storage_and_digital_networks,Advanced Storage and Digital Networks,AE2 + AdvancedAE + ExtendedAE + Mega Cells + Refined Storage,spine,36,0,none,in_progress,space_launch_infrastructure_and_stellaris; expedition_storage_uplift; nuclear_chemical_storage_and_digital_bridges,,Late digital infrastructure branch. Full network scale now belongs after launch and Nuclear hazardous logistics.
Otherworldly,space_boss_hunts,Space Boss Hunts,Draconic Evolution + Cataclysm + Bosses of Mass Destruction + fdbosses,boss,20,0,none,in_progress,space_launch_infrastructure_and_stellaris; space_antimatter_and_cosmic_refinement; space_draconic_evolution,,Future Space boss spine for cosmic and post-launch threats.
Otherworldly,space_draconic_evolution,Draconic Evolution,Draconic Evolution + Draconic Additions,support,26,0,none,in_progress,space_antimatter_and_cosmic_refinement; space_advanced_storage_and_digital_networks,,"Late cosmic power and chaos branch. This now sits above launch and late digital scale, not beside a generic Mekanism bucket."
Otherworldly,space_ender_io_networks,Ender IO Networks,Ender IO + Immersive Energistics,support,24,0,none,in_progress,space_launch_infrastructure_and_stellaris,,Late conduit and interop utility branch for remote and off-world bases.
Otherworldly,space_antimatter_and_cosmic_refinement,Antimatter and Cosmic Refinement,Mekanism + Mekanism Generators + Applied Mekanistics,spine,30,0,none,in_progress,space_launch_infrastructure_and_stellaris; nuclear_mekanism_processing_and_chemicals; nuclear_reactors_isotopes_and_hazardous_power,,Late Mekanism follow-through. Space now owns antimatter and cosmic-grade refinement rather than the whole Mekanism ladder.
Otherworldly,ascension_threshold,Ascension Threshold,Minecraft + fdbosses + Block Factory's Bosses + ArPhEx + Draconic Evolution,gate,16,0,none,in_progress,space_draconic_evolution; space_late_game_agriculture_and_synthesis; space_boss_hunts,,"Future Space main-boss gate after launch, digital scale, synthesis, draconic power, and cosmic boss completion."
Dark Age,entering_the_iron_era,Entering the Medieval,Minecraft,gate,13,13,full/core,in_progress,da_water_weather_and_wounds; da_food_and_farming_pressures,,Current live gate chapter; grants Medieval after the two Dark Age survival chapters. Do not reopen the older six-chapter Dark Age plan.
Dark Age,stone_age_boss_hunts,Dark Age Boss Hunts,Minecraft,boss,0,0,retired,superseded,,,Retired by 2026-05-24 Dark Age 3-chapter decision; no Dark Age boss chapter.
Dark Age,stone_awakening_and_salvage,Awakening and Salvage,Minecraft + Legendary Survival Overhaul,spine,0,0,retired,superseded,,,Retired by 2026-05-24 Dark Age 3-chapter decision.
Dark Age,da_food_and_farming_pressures,Food and Seasonal Stability,Minecraft + Farmer's Delight + Legendary Survival Overhaul + Serene Seasons,spine,13,13,meaningful,in_progress,da_water_weather_and_wounds,entering_the_iron_era,Current live Dark Age food/farming chapter; keep at this scope.
Dark Age,stone_tools_materials_and_binding,"Tools, Materials, and Binding",Minecraft + TreeChop,spine,0,0,retired,superseded,,,Retired by 2026-05-24 Dark Age 3-chapter decision.
Dark Age,stone_travel_and_controlled_combat,Travel and Controlled Combat,Waystones + Explorer's Compass + Nature's Compass + When Dungeons Arise + YUNG's structures + Artifacts,side,0,0,retired,superseded,,,Retired by 2026-05-24 Dark Age 3-chapter decision; travel utilities belong later or passive.
Dark Age,stone_treasure_and_lock_tiers,Treasure and Lock Tiers,Clavis + Lootr,side,0,0,retired,superseded,,,Retired by 2026-05-24 Dark Age 3-chapter decision.
Dark Age,da_water_weather_and_wounds,"Water, Shelter, and Wounds",Legendary Survival Overhaul + Serene Seasons + Minecraft,spine,22,22,meaningful,in_progress,,da_food_and_farming_pressures; entering_the_iron_era,"Current live Dark Age opener; keep water, heat, injuries, lighting, and reserve prep together."
Industrial Revolution,automation_age_boss_hunts,Industrial Revolution Boss Hunts,Bosses of Mass Destruction + L_Ender's Cataclysm,boss,16,6,meaningful,in_progress,industrial_oritech; industrial_factory_logistics; industrial_power_grids; end,industrial_modern_industrialization; industrial_industrial_foregoing; industrial_petroleum_and_extraction,"Live Automation boss spine. Factory war stock leads into Obsidilith, Ancient Factory routing, a second campus-pressure validator, Ender Golem, and the Ender Guardian capstone that now grants `industrial_revolution`."
